no,track,singer,singerID,mp3URL
2601,My Love (feat. Drake),Majid Jordan,4HzKw8XcD0piJmDrrPRCYk,https://p.scdn.co/mp3-preview/0e807f7db684bc0b299044719531ddd23e9a2239?cid=92ac8297791c442aa3ad223eab515b17
2602,FOOLISH,Meghan Trainor,6JL8zeS1NmiOftqZTRgdTz,https://p.scdn.co/mp3-preview/e6ebb69cf80202023e46c1e4cbac9626f772940c?cid=92ac8297791c442aa3ad223eab515b17
2603,Evidence,Jimmy Eat World,3Ayl7mCk0nScecqOzvNp6s,https://p.scdn.co/mp3-preview/9e657509df447397291468ba3814f6ac653451b0?cid=92ac8297791c442aa3ad223eab515b17
2604,Enter the Chrome Forest,Chrome Sparks,2pTCZ9C1fXdaVlv6d5EIXM,https://p.scdn.co/mp3-preview/361aa67d7b79ddcbd1d5d5722d9f7dac06ec9618?cid=92ac8297791c442aa3ad223eab515b17
2605,Invisible,Taylor Swift,06HL4z0CvFAxyc27GXpf02,https://p.scdn.co/mp3-preview/3a717a5403c6a32fed778288a37cab9baa7eba95?cid=92ac8297791c442aa3ad223eab515b17
2606,The River,PJ Harvey,12VaqyEhgwDRuFfEqbnrpz,https://p.scdn.co/mp3-preview/e8e74544c8f9a342ac59bc9a196221bfd513f485?cid=92ac8297791c442aa3ad223eab515b17
2607,Sex With Me,Chief Keef,15iVAtD3s3FsQR4w1v6M0P,https://p.scdn.co/mp3-preview/28b55ab7b69b4e823408bc49fae3b81931395f31?cid=92ac8297791c442aa3ad223eab515b17
2608,Lose It,Stars Go Dim,4O5EDKGt6YC5IXkOArVqk3,https://p.scdn.co/mp3-preview/504fc45ba0652e7f8cbdad465d8e741eec14331a?cid=92ac8297791c442aa3ad223eab515b17
2609,talk is overrated (stripped.),Jeremy Zucker,3gIRvgZssIb9aiirIg0nI3,https://p.scdn.co/mp3-preview/8c86b6af18385c7a0265bcb08f69df0bb9e13c46?cid=92ac8297791c442aa3ad223eab515b17
2610,Dont Back Down,The Sonics,2g3PKH7Z1Ofn5oGR6oDjLy,https://p.scdn.co/mp3-preview/7a9b3e0dd444f98cc09d24897f6a9d06c5106bf8?cid=92ac8297791c442aa3ad223eab515b17
2611,Ok,The Vandals,4AqIRTZF6DDmKmdorgFug6,https://p.scdn.co/mp3-preview/66c281a7fb47affaf092e01bbe911e874c2d7d53?cid=92ac8297791c442aa3ad223eab515b17
2612,DKLA,Troye Sivan,3WGpXCj9YhhfX11TToZcXP,https://p.scdn.co/mp3-preview/bfeb4c9db19f00271d3a29c65f13bebe69a3c04e?cid=92ac8297791c442aa3ad223eab515b17
2613,Falling Apart,Papa Roach,4RddZ3iHvSpGV4dvATac9X,https://p.scdn.co/mp3-preview/52b4d4d3966ffc77f97731750583f8bc0a1f4466?cid=92ac8297791c442aa3ad223eab515b17
2614,Thank You,Blood Orange,6LEeAFiJF8OuPx747e1wxR,https://p.scdn.co/mp3-preview/41713f99ea72673a37f76c7cf09acfb60d7fdaf0?cid=92ac8297791c442aa3ad223eab515b17
2615,Midnight Summer Jam,Justin Timberlake,31TPClRtHm23RisEBtV3X7,https://p.scdn.co/mp3-preview/6289a33d42e73ff9c56c9a2e5bf52b4b0da5b130?cid=92ac8297791c442aa3ad223eab515b17
2616,"Go To Hell, For Heavens Sake",Bring Me The Horizon,1Ffb6ejR6Fe5IamqA5oRUF,https://p.scdn.co/mp3-preview/a90f417b121b8a100b6af5469973c7b87df06935?cid=92ac8297791c442aa3ad223eab515b17
2617,Neighborhood #3 (Power Out),Arcade Fire,3kjuyTCjPG1WMFCiyc5IuB,https://p.scdn.co/mp3-preview/cd54f4011a1597853a61aa7f3967d57b096d4fd7?cid=92ac8297791c442aa3ad223eab515b17
2618,Keke Palmer,Chief Keef,15iVAtD3s3FsQR4w1v6M0P,https://p.scdn.co/mp3-preview/df3e49539baf8bec583e7c7345fa01aa1f08546d?cid=92ac8297791c442aa3ad223eab515b17
2619,Hey Ma,Family of the Year,7zsin6IgVsR1rqSRCNYDwq,https://p.scdn.co/mp3-preview/a31e6871e1323020d5f55755c26ebcbb1336e157?cid=92ac8297791c442aa3ad223eab515b17
2620,Dont Drop That Bomb On Me,Bryan Adams,3Z02hBLubJxuFJfhacLSDc,https://p.scdn.co/mp3-preview/4be47c2fedf3dae80263c529e49d7567dc828515?cid=92ac8297791c442aa3ad223eab515b17
2621,Silent Machine,Cat Power,6G7OerKc3eBO9sVkRNopFC,https://p.scdn.co/mp3-preview/c3058b6d2cfd151aae56500364bb24800d2841de?cid=92ac8297791c442aa3ad223eab515b17
2622,Dream Captain,Deerhunter,38zTZcuN7nFvVJ6auhc6V3,https://p.scdn.co/mp3-preview/a38e2eb05675d294164bca5a4f988ffc7ba1dc64?cid=92ac8297791c442aa3ad223eab515b17
2623,Show You,Marshmello,64KEffDW9EtZ1y2vBYgq8T,https://p.scdn.co/mp3-preview/4dc4e0be7f1657d73b6ca686650fae043bf96388?cid=92ac8297791c442aa3ad223eab515b17
2624,Highlands,Bob Dylan,74ASZWbe4lXaubB36ztrGX,https://p.scdn.co/mp3-preview/51221da448dbffac916d07c55af26707821787f3?cid=92ac8297791c442aa3ad223eab515b17
2625,Elegy of Colonial Suffering,Parquet Courts,23NIwARd4vPbxt3wwNnJ6k,https://p.scdn.co/mp3-preview/ad3d1d0e512fe80d9ff8ddfcc1ccbf5882a04b0a?cid=92ac8297791c442aa3ad223eab515b17
2626,Young,The Chainsmokers,69GGBxA162lTqCwzJG5jLp,https://p.scdn.co/mp3-preview/24f91824531f02e77a978bab9482ff93973b7d27?cid=92ac8297791c442aa3ad223eab515b17
2627,Mink Flow,Future,1RyvyyTE3xzB2ZywiAwp0i,https://p.scdn.co/mp3-preview/56b4cc6b287303b25c79ae2bb3f97b5ad5aec1fb?cid=92ac8297791c442aa3ad223eab515b17
2628,Mark McGwire,Future,1RyvyyTE3xzB2ZywiAwp0i,https://p.scdn.co/mp3-preview/faa3801f9dcbd9f1e0aa14f73757ff00249c8c0c?cid=92ac8297791c442aa3ad223eab515b17
2629,If You Wear That Velvet Dress,U2,51Blml2LZPmy7TTiAg47vQ,https://p.scdn.co/mp3-preview/ff2f3266d45ffd78dafc9174add12f5d719e56d6?cid=92ac8297791c442aa3ad223eab515b17
2630,Nowhere Fast,Bryan Adams,3Z02hBLubJxuFJfhacLSDc,https://p.scdn.co/mp3-preview/e71f2da61581a4627f583244079e29af5617f8b2?cid=92ac8297791c442aa3ad223eab515b17
2631,Bella Ciao (feat. Andre Sarate & Adolfo Celdran),Alok,0NGAZxHanS9e0iNHpR8f2W,https://p.scdn.co/mp3-preview/003eea97973c4d97a0375b5f57735a9bf2d9f450?cid=92ac8297791c442aa3ad223eab515b17
2632,Conversation With Myself,Jason Mraz,4phGZZrJZRo4ElhRtViYdl,https://p.scdn.co/mp3-preview/0ce2ee58a68a039d07f5c7064276976abaa74c37?cid=92ac8297791c442aa3ad223eab515b17
2633,Underneath the Stars,Mariah Carey,4iHNK0tOyZPYnBU7nGAgpQ,https://p.scdn.co/mp3-preview/c41dcf6e82c945a819366600627c9caa1bccd5df?cid=92ac8297791c442aa3ad223eab515b17
2634,Shake It Off,Taylor Swift,06HL4z0CvFAxyc27GXpf02,https://p.scdn.co/mp3-preview/6aa266adea2cb5a1ee6f7621a14cbb5a310ef14c?cid=92ac8297791c442aa3ad223eab515b17
2635,Simple Life,Elton John,3PhoLpVuITZKcymswpck5b,https://p.scdn.co/mp3-preview/5bb187e548f404b8f0e4b4e071134883d98c95eb?cid=92ac8297791c442aa3ad223eab515b17
2636,Sleep When Im Gone,DJ Khaled,0QHgL1lAIqAw0HtD7YldmP,https://p.scdn.co/mp3-preview/8ff73a50bf4fbadc3ab21ef9ad00f618af3dade3?cid=92ac8297791c442aa3ad223eab515b17
2637,The Rush,French Montana,6vXTefBL93Dj5IqAWq6OTv,https://p.scdn.co/mp3-preview/6a334e3eb0a014d9e64a035bacb14e9d129e25b4?cid=92ac8297791c442aa3ad223eab515b17
2638,Another World,The Vamps,7gAppWoH7pcYmphCVTXkzs,https://p.scdn.co/mp3-preview/a0ff23db03f38e5e9376d529169a582a9041edb3?cid=92ac8297791c442aa3ad223eab515b17
2639,Stuck In A Moment You Cant Get Out Of,U2,51Blml2LZPmy7TTiAg47vQ,https://p.scdn.co/mp3-preview/2cf7ad1d77cc7ecad49ff8da88d88c0a1e87debf?cid=92ac8297791c442aa3ad223eab515b17
2640,I Want a Little Girl,Ray Charles,1eYhYunlNJlDoQhtYBvPsi,https://p.scdn.co/mp3-preview/da080c0b6105031bbba3219de2af17c48b3f8e60?cid=92ac8297791c442aa3ad223eab515b17
2641,Precious,The Jam,2P560DaOMNDUACoH8ZhOCR,https://p.scdn.co/mp3-preview/98733e31fb4edff5f72d59c50d328f4b7bc2caa3?cid=92ac8297791c442aa3ad223eab515b17
2642,I Did It For You,Westlife,5Z1CCuBsyhEHngq3U5IraY,https://p.scdn.co/mp3-preview/87a5f49abdca8d4818372ef91e2781ae7808564c?cid=92ac8297791c442aa3ad223eab515b17
2643,Hand Made,Chief Keef,15iVAtD3s3FsQR4w1v6M0P,https://p.scdn.co/mp3-preview/f93b517400f5a2f6b272958ad01a65b31ac9f99e?cid=92ac8297791c442aa3ad223eab515b17
2644,Without You,Mariah Carey,4iHNK0tOyZPYnBU7nGAgpQ,https://p.scdn.co/mp3-preview/44a2b4866d8409efb403abfeaf2f59811aafaa32?cid=92ac8297791c442aa3ad223eab515b17
2645,Rap Game PATRiCK EWiNG (feat. Ghetty),Riff Raff,31IZdHrCZ5pRhLz4zBxN3o,https://p.scdn.co/mp3-preview/2d90c32581a88353b6d502e5e1e89be9d45cff07?cid=92ac8297791c442aa3ad223eab515b17
2646,3 Speed,Eels,3zunDAtRDg7kflREzWAhxl,https://p.scdn.co/mp3-preview/5b8bb450c6b359074e57c8127f910f37fe6eeb96?cid=92ac8297791c442aa3ad223eab515b17
2647,Motorcycle Girl,Eric Burdon,3miNucraVWk4hdVsIxn7id,https://p.scdn.co/mp3-preview/c9a282db77d92950fc313c09073c7e535f92d93a?cid=92ac8297791c442aa3ad223eab515b17
2648,Stole My Heart,One Direction,4AK6F7OLvEQ5QYCBNiQWHq,https://p.scdn.co/mp3-preview/bac081f7d0a0a46e84663521ee15b5e5c41e0738?cid=92ac8297791c442aa3ad223eab515b17
2649,Sk8er Boi - MSN Control Room,Avril Lavigne,0p4nmQO2msCgU4IF37Wi3j,https://p.scdn.co/mp3-preview/ac1a85144a33e4559d651c23dc894859545ba5ec?cid=92ac8297791c442aa3ad223eab515b17
2650,Early Christmas Morning,Cyndi Lauper,2BTZIqw0ntH9MvilQ3ewNY,https://p.scdn.co/mp3-preview/5b1e867ea3bd9f6371a025f16306c17c1ec1713f?cid=92ac8297791c442aa3ad223eab515b17
2651,Boyano y el Cha Cha Cha,Joe Cuba,5MlfccEEOw6kihsT8eQtbh,https://p.scdn.co/mp3-preview/e916e5a265d7889d8301ea0e349fdd13a9ac7a6d?cid=92ac8297791c442aa3ad223eab515b17
2652,wonderful life (feat. Dani Filth),Bring Me The Horizon,1Ffb6ejR6Fe5IamqA5oRUF,https://p.scdn.co/mp3-preview/3e1677cc56b4601e7caf9102bf2e359c34991728?cid=92ac8297791c442aa3ad223eab515b17
2653,New Noise,Steve Aoki,77AiFEVeAVj2ORpC85QVJs,https://p.scdn.co/mp3-preview/2daa65be4d8c934d45c444f62393490fb92129a5?cid=92ac8297791c442aa3ad223eab515b17
2654,Ripple,The Cool Kids,1AWNf5CLnHH4oM1hcHiVeV,https://p.scdn.co/mp3-preview/72f01d36f14e3f4ca6c0efcc7a99fc22be7a594e?cid=92ac8297791c442aa3ad223eab515b17
2655,Mokou Mokou Blues,Amadou & Mariam,3KH7WsR2JZQ94Ik8SyabU6,https://p.scdn.co/mp3-preview/c768708ac18bff4a281fd0a2bddafabfc6e409a2?cid=92ac8297791c442aa3ad223eab515b17
2656,New York,DJ Khaled,0QHgL1lAIqAw0HtD7YldmP,https://p.scdn.co/mp3-preview/59f6eb62931c5353dffdee967119004bf93d663f?cid=92ac8297791c442aa3ad223eab515b17
2657,Thinking About You (feat. Ayah Marar),Calvin Harris,7CajNmpbOovFoOoasH2HaY,https://p.scdn.co/mp3-preview/4de1768cf03c230f63d68ab218d8f9f27a4e026f?cid=92ac8297791c442aa3ad223eab515b17
2658,Rock Flute,Ty Segall,58XGUNsRNu3cVOIOYk5chx,https://p.scdn.co/mp3-preview/058781d4024ed7b9bec1109058120d85cf7af402?cid=92ac8297791c442aa3ad223eab515b17
2659,Locked in Closets,Solange,2auiVi8sUZo17dLy1HwrTU,https://p.scdn.co/mp3-preview/4e4f68e5635d6279ffcb352b96f11d0d3f8af030?cid=92ac8297791c442aa3ad223eab515b17
2660,Sticks & Stones,The Cloud Room,4wucqyuotyHg3kBk1aMTTN,https://p.scdn.co/mp3-preview/05ec4729bdc4c4bfb66bf9b2e6659e044c89c420?cid=92ac8297791c442aa3ad223eab515b17
2661,I Still Know You,Jacob Lee,4xPR9p75zzDlisJvvhEYl2,https://p.scdn.co/mp3-preview/818b5fa65b519cfbeccdab2a8b1a47f4032e5c73?cid=92ac8297791c442aa3ad223eab515b17
2662,Dont Be Afraid of the Dark,The Sonics,2g3PKH7Z1Ofn5oGR6oDjLy,https://p.scdn.co/mp3-preview/5c97fabee04a36bee98894c563348c20bdb7ef0a?cid=92ac8297791c442aa3ad223eab515b17
2663,Numbers,Young Thug,50co4Is1HCEo8bhOyUWKpn,https://p.scdn.co/mp3-preview/81548c9a10afcd9161086d03f04e66ecd29b594d?cid=92ac8297791c442aa3ad223eab515b17
2664,Love Lockdown,Kanye West,5K4W6rqBFWDnAN6FQUkS6x,https://p.scdn.co/mp3-preview/b6a3392ca8574ad39b34071d5fe143b82f63955d?cid=92ac8297791c442aa3ad223eab515b17
2665,All Hands on Deck,Tinashe,0NIIxcxNHmOoyBx03SfTCD,https://p.scdn.co/mp3-preview/1a4de3dbeb3f8ab3baed8caf4a2f66cdfc7a6cda?cid=92ac8297791c442aa3ad223eab515b17
2666,Elsewhere,Sarah McLachlan,4NgNsOXSwIzXlUIJcpnNUp,https://p.scdn.co/mp3-preview/316d86a464da2fabc3db1745d882a2a5f47932e0?cid=92ac8297791c442aa3ad223eab515b17
2667,Trap Trap Trap,Rick Ross,1sBkRIssrMs1AbVkOJbc7a,https://p.scdn.co/mp3-preview/89b110cc64cc17f7a6e962d740da14cfaf1cad4f?cid=92ac8297791c442aa3ad223eab515b17
2668,So Long Baby,The Marvelettes,0MponVSpW81oLvJZ53vYZH,https://p.scdn.co/mp3-preview/4cc550fb384f1b238a5ed94b7fb1b9b823073140?cid=92ac8297791c442aa3ad223eab515b17
2669,The Way You Were,Shayne Ward,6H4lieipng8aGu3Hbd1UeJ,https://p.scdn.co/mp3-preview/1e8a86dd8b9fa04c32478346730e9aedd72ac0c1?cid=92ac8297791c442aa3ad223eab515b17
2670,Heartbreak Girl,5 Seconds of Summer,5Rl15oVamLq7FbSb0NNBNy,https://p.scdn.co/mp3-preview/e7b9983a45966f6976c38468c29fe0886d86848b?cid=92ac8297791c442aa3ad223eab515b17
2671,Feel Alright,Poolside,5szdY7KaSi7epwyffrbV8c,https://p.scdn.co/mp3-preview/93d479e3566f5c4178ec142c3f488989fb57f396?cid=92ac8297791c442aa3ad223eab515b17
2672,Goose & Gander,Generationals,57MtJQ6Sc4tIxrXIhrqVJL,https://p.scdn.co/mp3-preview/8426b6d9864d82951b7f6db729cc4915764a66dc?cid=92ac8297791c442aa3ad223eab515b17
2673,Understanding Women,Elton John,3PhoLpVuITZKcymswpck5b,https://p.scdn.co/mp3-preview/223557e7fad898f3cfb911c8a4c11f17116e1b98?cid=92ac8297791c442aa3ad223eab515b17
2674,Calling Me,The Rapture,166Dz1GX3xonSQ3Z6CQW26,https://p.scdn.co/mp3-preview/8f792bf7f1b4ae47e9bf87a663b784ae8e4ed8dd?cid=92ac8297791c442aa3ad223eab515b17
2675,Spoil You Rotten,Father,10AY17ALos2o3akPqrPydw,https://p.scdn.co/mp3-preview/5905db2a06e87641586e38fd9eeb2d362db4a18a?cid=92ac8297791c442aa3ad223eab515b17
2676,The Letter,Elton John,3PhoLpVuITZKcymswpck5b,https://p.scdn.co/mp3-preview/534cbc46801652791a1db1f43e113c4ec7e7959c?cid=92ac8297791c442aa3ad223eab515b17
2677,Future,Cut Copy,4EENT7N7rCBwrddM3s0vFS,https://p.scdn.co/mp3-preview/ed6f81faa16929aacd107b0f632a55f670f07e17?cid=92ac8297791c442aa3ad223eab515b17
2678,Integrity Blues,Jimmy Eat World,3Ayl7mCk0nScecqOzvNp6s,https://p.scdn.co/mp3-preview/a4d109173c2c8954023eeaa3e964831ff1df13e5?cid=92ac8297791c442aa3ad223eab515b17
2679,FACTS,Lil Reese,1bPxKZtCdjB1aj1csBJpdS,https://p.scdn.co/mp3-preview/d67c1ca6e52d6668d96d09427309d2a90fc8d8c5?cid=92ac8297791c442aa3ad223eab515b17
2680,How Do Yeaw View You?,Funkadelic,450o9jw6AtiQlQkHCdH6Ru,https://p.scdn.co/mp3-preview/ad02d73ba06d57b6a2c0c9805b42a5ba52136e10?cid=92ac8297791c442aa3ad223eab515b17
2681,Unbreakable,The Rapture,166Dz1GX3xonSQ3Z6CQW26,https://p.scdn.co/mp3-preview/0dcacd3879c313734e57fedfe9518c97ee9207ff?cid=92ac8297791c442aa3ad223eab515b17
2682,Working Overtime - 2015 Remaster,New Order,0yNLKJebCb8Aueb54LYya3,https://p.scdn.co/mp3-preview/54e9a85bdd91473fff2b52238640906dc7babe65?cid=92ac8297791c442aa3ad223eab515b17
2683,Dont Stop,5 Seconds of Summer,5Rl15oVamLq7FbSb0NNBNy,https://p.scdn.co/mp3-preview/a6a269582d78dd08c574bf0966239ca5dce96371?cid=92ac8297791c442aa3ad223eab515b17
2684,Hurry,The Starting Line,3E3xrZtBU5ORqcmX78v5YZ,https://p.scdn.co/mp3-preview/8c904d2358ba9973c91973fb107748c7a50dce47?cid=92ac8297791c442aa3ad223eab515b17
2685,Say My Name (feat. Zyra),ODESZA,21mKp7DqtSNHhCAU2ugvUw,https://p.scdn.co/mp3-preview/855e3c8923f2ae2993716af7919d9aeca9511773?cid=92ac8297791c442aa3ad223eab515b17
2686,Someday Well Be Together,The Marvelettes,0MponVSpW81oLvJZ53vYZH,https://p.scdn.co/mp3-preview/193ad6497e1e8dd3c041a5da97b3053fc041f0cf?cid=92ac8297791c442aa3ad223eab515b17
2687,Elegy to the Void,Beach House,56ZTgzPBDge0OvCGgMO3OY,https://p.scdn.co/mp3-preview/c563ed4238e53c59b2d24514181418f0a1e5c5ec?cid=92ac8297791c442aa3ad223eab515b17
2688,Singing For The Lonely,Robbie Williams,2HcwFjNelS49kFbfvMxQYw,https://p.scdn.co/mp3-preview/ca9ee17105c4916dad3250a95b79449db3df16db?cid=92ac8297791c442aa3ad223eab515b17
2689,M&Ms,Migos,6oMuImdp5ZcFhWP0ESe6mG,https://p.scdn.co/mp3-preview/eba39695dc39fa1b7c4b8d6a33d1c3f4a2d7e745?cid=92ac8297791c442aa3ad223eab515b17
2690,Angels We Have Heard On High,Sarah McLachlan,4NgNsOXSwIzXlUIJcpnNUp,https://p.scdn.co/mp3-preview/6055ace9aeea47fbe76266c6f75c8d49381edf50?cid=92ac8297791c442aa3ad223eab515b17
2691,The Judge,Twenty One Pilots,3YQKmKGau1PzlVlkL1iodx,https://p.scdn.co/mp3-preview/e5d3aefc2ef59ab4ff3abb6d38070cca0d167fc1?cid=92ac8297791c442aa3ad223eab515b17
2692,Turn The Lights Out When You Leave,Elton John,3PhoLpVuITZKcymswpck5b,https://p.scdn.co/mp3-preview/e853d571ff4df622f9d4f96d232ee202acac6b8c?cid=92ac8297791c442aa3ad223eab515b17
2693,Equal Mind,Beach House,56ZTgzPBDge0OvCGgMO3OY,https://p.scdn.co/mp3-preview/5bab4327900faa7d6dcc180daa81a554e584dcc9?cid=92ac8297791c442aa3ad223eab515b17
2694,Say Something,Justin Timberlake,31TPClRtHm23RisEBtV3X7,https://p.scdn.co/mp3-preview/44072346a65f52cfff68599eaf94848074eab9c0?cid=92ac8297791c442aa3ad223eab515b17
2695,U Want Me 2,Sarah McLachlan,4NgNsOXSwIzXlUIJcpnNUp,https://p.scdn.co/mp3-preview/b97cbdd47b483e52c1a8dfaabfcb792cdd983f59?cid=92ac8297791c442aa3ad223eab515b17
2696,Dancing at the Blue Lagoon,Cayucas,7LLcRttKjV6PeJOlCNCYon,https://p.scdn.co/mp3-preview/1f4db3f6287cfbc3bf2a4115c424f5d4c9345426?cid=92ac8297791c442aa3ad223eab515b17
2697,Moonraker - Pascäals Inner Mix,Chrome Sparks,2pTCZ9C1fXdaVlv6d5EIXM,https://p.scdn.co/mp3-preview/2e4e6a09e96ddcdde8c348d9b078cf24f6f883f6?cid=92ac8297791c442aa3ad223eab515b17
2698,Feeling Of Love,Best Coast,5YkBrE0wF8cAlq3GCOw5Eu,https://p.scdn.co/mp3-preview/f6ebfe7a2d9ddc4e796f3b0e8d0dc81370d261e0?cid=92ac8297791c442aa3ad223eab515b17
2699,Celebrating Nothing,Phantogram,1l9d7B8W0IHy3LqWsxP2SH,https://p.scdn.co/mp3-preview/020a7c02d7974410c52523c8ef58ef1aee875c82?cid=92ac8297791c442aa3ad223eab515b17
2700,Breathe on Me,Britney Spears,26dSoYclwsYLMAKD3tpOr4,https://p.scdn.co/mp3-preview/376339d100e594bd2f82786f091ba6ee350bfe89?cid=92ac8297791c442aa3ad223eab515b17
2701,I Want to Know,Ray Charles,1eYhYunlNJlDoQhtYBvPsi,https://p.scdn.co/mp3-preview/b9f5b2d4152be26b50943671525ed63dd4b40846?cid=92ac8297791c442aa3ad223eab515b17
2702,Loaded,Seal,5GtMEZEeFFsuHY8ad4kOxv,https://p.scdn.co/mp3-preview/e637bc09d23c43d125cfcfcdd5a8813b95c6d994?cid=92ac8297791c442aa3ad223eab515b17
2703,Still Feel Like Your Man,John Mayer,0hEurMDQu99nJRq8pTxO14,https://p.scdn.co/mp3-preview/adb8618bcf8e49cf05a0f534a8ebe9d80c6b7892?cid=92ac8297791c442aa3ad223eab515b17
2704,The Unseen Tears Of The Albacore,The Vandals,4AqIRTZF6DDmKmdorgFug6,https://p.scdn.co/mp3-preview/171ed7d55eca30c7e8d2dd4d34709fee0ce75c44?cid=92ac8297791c442aa3ad223eab515b17
2705,Viral,Chief Keef,15iVAtD3s3FsQR4w1v6M0P,https://p.scdn.co/mp3-preview/1656691db718f3aafecfb51d084cbf9c2440e2d5?cid=92ac8297791c442aa3ad223eab515b17
2706,The Other,Lauv,5JZ7CnR6gTvEMKX4g70Amv,https://p.scdn.co/mp3-preview/4608cb733a4abcd5e64bb9f2d37ba2d97b07d18e?cid=92ac8297791c442aa3ad223eab515b17
2707,More Than We Know,Alicia Keys,3DiDSECUqqY1AuBP8qtaIa,https://p.scdn.co/mp3-preview/7982a81d880986aeae83d620954aeb2db5601595?cid=92ac8297791c442aa3ad223eab515b17
2708,Time Fading Lines,Woods,2sBPVEeMBXKNsZtYaJixnJ,https://p.scdn.co/mp3-preview/5cc7bc1857d88f8b315158fb307faf56b6b96a47?cid=92ac8297791c442aa3ad223eab515b17
2709,Dislocation,Counting Crows,0vEsuISMWAKNctLlUAhSZC,https://p.scdn.co/mp3-preview/29df8fa2bdd74d4be7d4dd29274738d4965dd319?cid=92ac8297791c442aa3ad223eab515b17
2710,Creep in a T-Shirt,Portugal. The Man,4kI8Ie27vjvonwaB2ePh8T,https://p.scdn.co/mp3-preview/1c42b3824c46bf0a6c1403e70ccd4e6ca91cfe52?cid=92ac8297791c442aa3ad223eab515b17
2711,Godspell,The Cardigans,1tqZaCwM57UFKjWoYwMLrw,https://p.scdn.co/mp3-preview/0aa9af8aa8d8d87a5846b4dee42a51d99d61c034?cid=92ac8297791c442aa3ad223eab515b17
2712,No Better Shoulder,KT Tunstall,5zzrJD2jXrE9dZ1AklRFcL,https://p.scdn.co/mp3-preview/4ca8c26a61d90b402d9759c9030c0fea3f40743f?cid=92ac8297791c442aa3ad223eab515b17
2713,Private Show,Britney Spears,26dSoYclwsYLMAKD3tpOr4,https://p.scdn.co/mp3-preview/83f6cf2e39ef23ba0fbffe66c888af60dbdb2613?cid=92ac8297791c442aa3ad223eab515b17
2714,Christmas Eve,Justin Bieber,1uNFoZAHBGtllmzznpCI3s,https://p.scdn.co/mp3-preview/eec7374a0dc8583778829336da6069d18c8fb9d9?cid=92ac8297791c442aa3ad223eab515b17
2715,Dance with Me,Chris Lake,5Igpc9iLZ3YGtKeYfSrrOE,https://p.scdn.co/mp3-preview/461324112a86cd77e0f2e78e453548342d29c9d1?cid=92ac8297791c442aa3ad223eab515b17
2716,Rescue Song,Mr Little Jeans,0B2SlMW40Hs9mijOi1cDyf,https://p.scdn.co/mp3-preview/3b76854e41b8e442727d01880144744f92131d14?cid=92ac8297791c442aa3ad223eab515b17
2717,Done for Me (feat. Kehlani),Charlie Puth,6VuMaDnrHyPL1p4EHjYLi7,https://p.scdn.co/mp3-preview/cb26531c559b909f8cb191ecfe34b49c6efad139?cid=92ac8297791c442aa3ad223eab515b17
2718,Hot Little Hands,The Turtles,2VIoWte1HPDbZ2WqHd2La7,https://p.scdn.co/mp3-preview/8fa317376803096298748b0e8bde2fa3614d0082?cid=92ac8297791c442aa3ad223eab515b17
2719,Death to Feelers,Matthew Dear,2GLf7iaOOujAem5R87xwto,https://p.scdn.co/mp3-preview/e6ee73385778d86a43234b9e720f78528c301da1?cid=92ac8297791c442aa3ad223eab515b17
2720,Some Out Nun (feat. Jadakiss),Lil Reese,1bPxKZtCdjB1aj1csBJpdS,https://p.scdn.co/mp3-preview/684e36214afb4f7215d63fe800d3cc1e897e5016?cid=92ac8297791c442aa3ad223eab515b17
2721,Home This Christmas,Justin Bieber,1uNFoZAHBGtllmzznpCI3s,https://p.scdn.co/mp3-preview/4ec610e96c718ecd5aeb7f1cce7da82a07097bca?cid=92ac8297791c442aa3ad223eab515b17
2722,Little Too Much,Natasha Bedingfield,7o95ZoZt5ZYn31e9z1Hc0a,https://p.scdn.co/mp3-preview/8c7b381705990c18befdd3e5f7d2dff2152daa0b?cid=92ac8297791c442aa3ad223eab515b17
2723,Vanilla,The Orwells,7ia4FaCVsbXvhVwagCJk7l,https://p.scdn.co/mp3-preview/243eee66c848aa547d9f36665fcfcfee3a66f9bd?cid=92ac8297791c442aa3ad223eab515b17
2724,Circumambient,Grimes,053q0ukIDRgzwTr4vNSwab,https://p.scdn.co/mp3-preview/6ae993b4a5689b5874f64278ad1587e451160217?cid=92ac8297791c442aa3ad223eab515b17
2725,Where Do I Belong,Anastacia,2siHvYaxjaW5rKVRiIrMYH,https://p.scdn.co/mp3-preview/d8ccd76e9f5d4de023f18ec5e6e2104a04e71596?cid=92ac8297791c442aa3ad223eab515b17
2726,Check This Out,Marshmello,64KEffDW9EtZ1y2vBYgq8T,https://p.scdn.co/mp3-preview/0d569d7ab866da8f77661a80691bb089a9424c2f?cid=92ac8297791c442aa3ad223eab515b17
2727,See You Again,Tyrone Wells,5zeCSgiRyezbfLiGOpKAsR,https://p.scdn.co/mp3-preview/5e2b1aa26492295e69953c99ba2540c684ab4db7?cid=92ac8297791c442aa3ad223eab515b17
2728,Saving All My Love for You,Whitney Houston,6XpaIBNiVzIetEPCWDvAFP,https://p.scdn.co/mp3-preview/bdf418c1f20fa3d40651fa1fbd1936f36d9160f6?cid=92ac8297791c442aa3ad223eab515b17
2729,No Matter What,Calum Scott,6ydoSd3N2mwgwBHtF6K7eX,https://p.scdn.co/mp3-preview/7ccdff37c1980d9b9c5c7653f7bd7b09b9a229e5?cid=92ac8297791c442aa3ad223eab515b17
2730,YG call,The Neighbourhood,77SW9BnxLY8rJ0RciFqkHh,https://p.scdn.co/mp3-preview/0782aed1adb7490362a15f2d7146d12e5182b739?cid=92ac8297791c442aa3ad223eab515b17
2731,Ask,D. Gookin,7rRz5zPounzREHN0cIrYhS,https://p.scdn.co/mp3-preview/7d420af4a25277dcfc93e6476573a4ce2beb1c55?cid=92ac8297791c442aa3ad223eab515b17
2732,Deep,Julia Michaels,0ZED1XzwlLHW4ZaG4lOT6m,https://p.scdn.co/mp3-preview/c8cbef4b7f8425a0b63cd6f9e40a4e2c39ef885f?cid=92ac8297791c442aa3ad223eab515b17
2733,Fly,The Jam,2P560DaOMNDUACoH8ZhOCR,https://p.scdn.co/mp3-preview/6dd59b183e523c040e42489e05bff200d9c31a37?cid=92ac8297791c442aa3ad223eab515b17
2734,To Lick Your Boots,Eels,3zunDAtRDg7kflREzWAhxl,https://p.scdn.co/mp3-preview/e0a3257fd028521b9aab9d9712c12d40b7f65626?cid=92ac8297791c442aa3ad223eab515b17
2735,Holiday,Kool & The Gang,3VNITwohbvU5Wuy5PC6dsI,https://p.scdn.co/mp3-preview/a15cd03667b4f023bc1bda872e8258354a0f7c96?cid=92ac8297791c442aa3ad223eab515b17
2736,PLECTRUMELECTRUM,Prince,5a2EaR3hamoenG9rDuVn8j,https://p.scdn.co/mp3-preview/9990ef650fbd2304969988eadc31f84e88eb1af4?cid=92ac8297791c442aa3ad223eab515b17
2737,Broadway,Kool & The Gang,3VNITwohbvU5Wuy5PC6dsI,https://p.scdn.co/mp3-preview/0d6d23ed19551fc6103cdb0483425719a9cb7d5a?cid=92ac8297791c442aa3ad223eab515b17
2738,Slow Dance (Interlude),Father,10AY17ALos2o3akPqrPydw,https://p.scdn.co/mp3-preview/cfce514cb5f5ec57b2e022dfaa9517ac122a0763?cid=92ac8297791c442aa3ad223eab515b17
2739,Causers Of This,Toro y Moi,6O4EGCCb6DoIiR6B1QCQgp,https://p.scdn.co/mp3-preview/49dc634eaca1817d7d07fa10e1f90470e9c82cb3?cid=92ac8297791c442aa3ad223eab515b17
2740,PURPLE iCON iNTRO,Riff Raff,31IZdHrCZ5pRhLz4zBxN3o,https://p.scdn.co/mp3-preview/01b13bf5fb213fa843ca11ddf1315aedf00bd62e?cid=92ac8297791c442aa3ad223eab515b17
2741,Brand New You (feat. Brynn Williams & Caitlin Gann),Ariana Grande,66CXWjxzNUsdJxJ2JdwvnR,https://p.scdn.co/mp3-preview/04237e944e66c0f5926a04e41c86168a006c3cc4?cid=92ac8297791c442aa3ad223eab515b17
2742,Drones,Muse,12Chz98pHFMPJEknJQMWvI,https://p.scdn.co/mp3-preview/771467bfcb533886bfe43a2e182ee26ecc59791b?cid=92ac8297791c442aa3ad223eab515b17
2743,Take Care,Young Thug,50co4Is1HCEo8bhOyUWKpn,https://p.scdn.co/mp3-preview/fbce6d2c53f6a75b9eee94719194075640838c49?cid=92ac8297791c442aa3ad223eab515b17
2744,Lily,Woods,2sBPVEeMBXKNsZtYaJixnJ,https://p.scdn.co/mp3-preview/e1c7ae164cdd3cadf5ad0d9219922aada1830531?cid=92ac8297791c442aa3ad223eab515b17
2745,Dinner,Blood Orange,6LEeAFiJF8OuPx747e1wxR,https://p.scdn.co/mp3-preview/2f3e8fa9f37825adffc0b46cc719261b9fdee308?cid=92ac8297791c442aa3ad223eab515b17
2746,The Place I Love,The Jam,2P560DaOMNDUACoH8ZhOCR,https://p.scdn.co/mp3-preview/fa2784a0dcac43f3f02b5ad596bafb7705eae853?cid=92ac8297791c442aa3ad223eab515b17
2747,Hold on Me,Mikal Cronin,6QobJ3vnalBTlsdOrvQTIt,https://p.scdn.co/mp3-preview/999362aa77a4de17a76e7fc3c84ffa20f18de605?cid=92ac8297791c442aa3ad223eab515b17
2748,One Minute to Midnight,ZHU,28j8lBWDdDSHSSt5oPlsX2,https://p.scdn.co/mp3-preview/8b0675c7570b81f6c4222033a8b895d8ad26deb8?cid=92ac8297791c442aa3ad223eab515b17
2749,We Can Work It Out,Poolside,5szdY7KaSi7epwyffrbV8c,https://p.scdn.co/mp3-preview/1b4ac5a2eaca9180b812683e4f1385260543a362?cid=92ac8297791c442aa3ad223eab515b17
2750,Women Are Something Else,James Brown,7GaxyUddsPok8BuhxN6OUW,https://p.scdn.co/mp3-preview/b7ab9474859cf90a30c20adb306dbc01f478ca09?cid=92ac8297791c442aa3ad223eab515b17
2751,Miss Independent,Maluma,1r4hJ1h58CWwUQe3MxPuau,https://p.scdn.co/mp3-preview/c80f7b70f7de2da2d0cf8687a27f5f45c2a0991d?cid=92ac8297791c442aa3ad223eab515b17
2752,Nettie Moore,Bob Dylan,74ASZWbe4lXaubB36ztrGX,https://p.scdn.co/mp3-preview/9b823ae88a87cce4fa16ff3ef67895edec121c47?cid=92ac8297791c442aa3ad223eab515b17
2753,Late,Kanye West,5K4W6rqBFWDnAN6FQUkS6x,https://p.scdn.co/mp3-preview/71bad704ee19c510f94bad7ac9eddd25fd0adf82?cid=92ac8297791c442aa3ad223eab515b17
2754,Pushing Up Daisies,Lily Allen,13saZpZnCDWOI9D4IJhp1f,https://p.scdn.co/mp3-preview/a1b81970eaf7cbdafea04a6d596697a8996c2c18?cid=92ac8297791c442aa3ad223eab515b17
2755,Good For You,Selena Gomez,0C8ZW7ezQVs4URX5aX7Kqx,https://p.scdn.co/mp3-preview/e30f7246319c4eef6a1ad155147aea044496b6c0?cid=92ac8297791c442aa3ad223eab515b17
2756,Soft Skeletons,Anberlin,5v61OSg53KaQxGMpErkBNp,https://p.scdn.co/mp3-preview/b6fb2aafa35808078f8ac2bb52e9905be134a011?cid=92ac8297791c442aa3ad223eab515b17
2757,Xogenous,Prince,5a2EaR3hamoenG9rDuVn8j,https://p.scdn.co/mp3-preview/527d31acae3cc99dcf3bdefeefaf8f0943c66365?cid=92ac8297791c442aa3ad223eab515b17
2758,Lies Of A Lonely Friend,Amos Lee,0QrowybipCKUDnq5y10PD2,https://p.scdn.co/mp3-preview/1aa8ab84b7020c3114ba12ec29cb26c470ee8dc1?cid=92ac8297791c442aa3ad223eab515b17
2759,Big Mouth,Santigold,6Jrxnp0JgqmeUX1veU591p,https://p.scdn.co/mp3-preview/c311f0f826653ef56a55e50793d57cdedadc9192?cid=92ac8297791c442aa3ad223eab515b17
2760,Who Are You - Acoustic,Fifth Harmony,1l8Fu6IkuTP0U5QetQJ5Xt,https://p.scdn.co/mp3-preview/2711fb99fe0b7117a7890580f466d81162cc1b65?cid=92ac8297791c442aa3ad223eab515b17
2761,Tell Your Friends,The Weeknd,1Xyo4u8uXC1ZmMpatF05PJ,https://p.scdn.co/mp3-preview/812899a7b58f866ec5bc8401f3f5626bc18cbfd6?cid=92ac8297791c442aa3ad223eab515b17
2762,Draculas Castle - 2015 Remaster,New Order,0yNLKJebCb8Aueb54LYya3,https://p.scdn.co/mp3-preview/fdf938caf045fb4d7cbc73d83783be2c4a1bbef8?cid=92ac8297791c442aa3ad223eab515b17
2763,A Day Late - Acoustic,Anberlin,5v61OSg53KaQxGMpErkBNp,https://p.scdn.co/mp3-preview/ff277eadc460cdd5d454f76b534c6b393d6ba6e4?cid=92ac8297791c442aa3ad223eab515b17
2764,Low Shoulders,Toro y Moi,6O4EGCCb6DoIiR6B1QCQgp,https://p.scdn.co/mp3-preview/ddddf520c56f94016123b2ed1966ea90de1fb7c9?cid=92ac8297791c442aa3ad223eab515b17
2765,Jakes,Lil Reese,1bPxKZtCdjB1aj1csBJpdS,https://p.scdn.co/mp3-preview/163a9ca6b14b74f449ab0118cbd14ab0d37d9265?cid=92ac8297791c442aa3ad223eab515b17
2766,Pray,Jungle,59oA5WbbQvomJz2BuRG071,https://p.scdn.co/mp3-preview/3eefbca7145a1ade63adbbca517633d61be85567?cid=92ac8297791c442aa3ad223eab515b17
2767,No Favors,Big Sean,0c173mlxpT3dSFRgMO8XPh,https://p.scdn.co/mp3-preview/8aa16d7c1abe5fd689bba9658f44fb850d2f7b25?cid=92ac8297791c442aa3ad223eab515b17
2768,Slow Down,Mikal Cronin,6QobJ3vnalBTlsdOrvQTIt,https://p.scdn.co/mp3-preview/3136ab6a5570a45a064e7372c6b4eb8e558528c4?cid=92ac8297791c442aa3ad223eab515b17
2769,Find Myself Another Girl,The Sonics,2g3PKH7Z1Ofn5oGR6oDjLy,https://p.scdn.co/mp3-preview/b5fee2c59436dc67a67acbdc409e1ffc4a186be6?cid=92ac8297791c442aa3ad223eab515b17
2770,Lay Me Down,Glen Hansard,3Caot8EtHX6wLpNF2wRzS0,https://p.scdn.co/mp3-preview/d78c34e5ec76dc5406f22d2579c1f8ae78205f44?cid=92ac8297791c442aa3ad223eab515b17
2771,The Inch,Peaches,1gkSl4XpHIHI4I1WQbfXOE,https://p.scdn.co/mp3-preview/45b1de0ed0401c5aba45d06423dc9fd0960e8cad?cid=92ac8297791c442aa3ad223eab515b17
2772,Anywhere for You,Backstreet Boys,5rSXSAkZ67PYJSvpUpkOr7,https://p.scdn.co/mp3-preview/ef8619ed1091553ff0db3b7ef1262e48b7826068?cid=92ac8297791c442aa3ad223eab515b17
2773,Seven Hells,Brown Bird,5zzbSFZMVpvxSlWAkqqtHP,https://p.scdn.co/mp3-preview/7087f78b77b349f63ebb0c9eefe06db1cdb8276a?cid=92ac8297791c442aa3ad223eab515b17
2774,Caesar,Ty Segall,58XGUNsRNu3cVOIOYk5chx,https://p.scdn.co/mp3-preview/30699be0495e4182269f14ff66e7dcb50624227d?cid=92ac8297791c442aa3ad223eab515b17
2775,Dragvandil,Grimes,053q0ukIDRgzwTr4vNSwab,https://p.scdn.co/mp3-preview/3b30b61a476d78de1ed2e917f96b560e9ffe2ccc?cid=92ac8297791c442aa3ad223eab515b17
2776,Nobody Knows Whats Going On (In My Mind But Me),The Chiffons,05sIdEkXAYDbDDdv3T56Oj,https://p.scdn.co/mp3-preview/ccd94826cfe88b27c1a1354d336e02e280995dfa?cid=92ac8297791c442aa3ad223eab515b17
2777,First Time,Carly Rae Jepsen,6sFIWsNpZYqfjUpaCgueju,https://p.scdn.co/mp3-preview/9a7ea012a229239b2a0b975731e0eed665b58edf?cid=92ac8297791c442aa3ad223eab515b17
2778,Breadcrumbs,Jacob Lee,4xPR9p75zzDlisJvvhEYl2,https://p.scdn.co/mp3-preview/db94fff0be4d9a30b04fc8380b64fa87db85d6f2?cid=92ac8297791c442aa3ad223eab515b17
2779,Lover,Fela Kuti,5CG9X521RDFWCuAhlo6QoR,https://p.scdn.co/mp3-preview/af1e4dd98040f739a9936bc1076dfb25b77d5459?cid=92ac8297791c442aa3ad223eab515b17
2780,You Are The One,Kool & The Gang,3VNITwohbvU5Wuy5PC6dsI,https://p.scdn.co/mp3-preview/1626058947ac35121f04149a4874319e817af2ca?cid=92ac8297791c442aa3ad223eab515b17
2781,Swamp,Riff Raff,31IZdHrCZ5pRhLz4zBxN3o,https://p.scdn.co/mp3-preview/2aea9a2e81d5caf9107407669fd788a657be75d8?cid=92ac8297791c442aa3ad223eab515b17
2782,wildfire,Jeremy Zucker,3gIRvgZssIb9aiirIg0nI3,https://p.scdn.co/mp3-preview/8ff0638d6623ef9a62d31a83d053b29a0019d371?cid=92ac8297791c442aa3ad223eab515b17
2783,Touch of My Hand,Britney Spears,26dSoYclwsYLMAKD3tpOr4,https://p.scdn.co/mp3-preview/1e9a52d9fbd20428574b8fd70f1328e0860401cd?cid=92ac8297791c442aa3ad223eab515b17
2784,Unrecorded,M83,63MQldklfxkjYDoUE4Tppz,https://p.scdn.co/mp3-preview/4d7ec747831bd079efe10398b4892a36d51a0806?cid=92ac8297791c442aa3ad223eab515b17
2785,Come Outside,Ty Segall,58XGUNsRNu3cVOIOYk5chx,https://p.scdn.co/mp3-preview/bbd91be9f6d3d36cd19b9a21728ec40fb308dba3?cid=92ac8297791c442aa3ad223eab515b17
2786,Ill Keep Loving You (feat. Birdy & Jaymes Young),David Guetta,1Cs0zKBU1kc0i8ypK3B9ai,https://p.scdn.co/mp3-preview/0b72fd99486a6c07ded67458af43783e799aa0cc?cid=92ac8297791c442aa3ad223eab515b17
2787,Wasteland,The Jam,2P560DaOMNDUACoH8ZhOCR,https://p.scdn.co/mp3-preview/487dd21e58b13dfeb258fe0d5d865a6eaf2cbdb3?cid=92ac8297791c442aa3ad223eab515b17
2788,Porno Star,French Montana,6vXTefBL93Dj5IqAWq6OTv,https://p.scdn.co/mp3-preview/df8471f6ca825cb393bc9ba04541218203049e9f?cid=92ac8297791c442aa3ad223eab515b17
2789,News from the Sun (Live Bootleg),Neon Indian,0KydPQPUUoTNhmiHKOg5Er,https://p.scdn.co/mp3-preview/03a1204daa04ac8e9044077cb6a74a155c08320c?cid=92ac8297791c442aa3ad223eab515b17
2790,Ive Got Love,William Onyeabor,755pQSGUy6rtPrUCbnJTvi,https://p.scdn.co/mp3-preview/3a538d43a4083f48444686f68b310351c734dde5?cid=92ac8297791c442aa3ad223eab515b17
2791,Boy Blue,Hercules & Love Affair,1WHoAjAWGx5qLsgzpaOk7W,https://p.scdn.co/mp3-preview/dd0e2fb2d828bd5031142757d02082bc516b5ec6?cid=92ac8297791c442aa3ad223eab515b17
2792,Standing In The Way of The Light,Birdy,2WX2uTcsvV5OnS0inACecP,https://p.scdn.co/mp3-preview/25f749f75406c6568718b53834189b3bd737377e?cid=92ac8297791c442aa3ad223eab515b17
2793,Found It In Silence,HAIM,4Ui2kfOqGujY81UcPrb5KE,https://p.scdn.co/mp3-preview/7a669297383d4bd9f1d4bef8e708c257d07ef392?cid=92ac8297791c442aa3ad223eab515b17
2794,Close My Eyes,21 Savage,1URnnhqYAYcrqrcwql10ft,https://p.scdn.co/mp3-preview/e39c7fe88341f27a72af1c85725e4694cbbc38b4?cid=92ac8297791c442aa3ad223eab515b17
2795,You Make Me Wish,Shayne Ward,6H4lieipng8aGu3Hbd1UeJ,https://p.scdn.co/mp3-preview/dc94bc888d68f2c032210d458f352f02ad97901a?cid=92ac8297791c442aa3ad223eab515b17
2796,My Love Is Your Love - Jonathan Peters Tight Mix,Whitney Houston,6XpaIBNiVzIetEPCWDvAFP,https://p.scdn.co/mp3-preview/790dcd3e829a41ebda61de97c277b614284de5ad?cid=92ac8297791c442aa3ad223eab515b17
2797,Jump,Rihanna,5pKCCKE2ajJHZ9KAiaK11H,https://p.scdn.co/mp3-preview/54d62fc442e02dcf38b91f23bfc8b195e00081db?cid=92ac8297791c442aa3ad223eab515b17
2798,Call Letter Blues - Take 1,Bob Dylan,74ASZWbe4lXaubB36ztrGX,https://p.scdn.co/mp3-preview/ce0cd66177f91b0ef6255c323cf83a76fb6fce08?cid=92ac8297791c442aa3ad223eab515b17
2799,Horse Warming Party,Portugal. The Man,4kI8Ie27vjvonwaB2ePh8T,https://p.scdn.co/mp3-preview/48bf50e589472e8b3584d891681fbbe5797dbc3a?cid=92ac8297791c442aa3ad223eab515b17
2800,Rain,The Neighbourhood,77SW9BnxLY8rJ0RciFqkHh,https://p.scdn.co/mp3-preview/79af8ec62852f99b666daba7b5b0f580386e9179?cid=92ac8297791c442aa3ad223eab515b17
2801,Sick Of Sittin,Christina Aguilera,1l7ZsJRRS8wlW3WfJfPfNS,https://p.scdn.co/mp3-preview/79888099fc0d0663f5fc5bc0ec5be5e07c4cb2bb?cid=92ac8297791c442aa3ad223eab515b17
2802,Free That Bird,Eric Burdon,3miNucraVWk4hdVsIxn7id,https://p.scdn.co/mp3-preview/dd87cca4d8e3682f18b586470b1c579d9d236bc2?cid=92ac8297791c442aa3ad223eab515b17
2803,Higher Livin,Anastacia,2siHvYaxjaW5rKVRiIrMYH,https://p.scdn.co/mp3-preview/0a2105b1319880cd6e0c1d8204a9ab694c1e3ea2?cid=92ac8297791c442aa3ad223eab515b17
2804,I Need You (For Someone),The Jam,2P560DaOMNDUACoH8ZhOCR,https://p.scdn.co/mp3-preview/5a820e9d21665d7532de98c7f6e7db5c2ce992e6?cid=92ac8297791c442aa3ad223eab515b17
2805,La Vie En Rose,Cyndi Lauper,2BTZIqw0ntH9MvilQ3ewNY,https://p.scdn.co/mp3-preview/9f7e0d6803a2ffe858fd7f4483ae105410f226bb?cid=92ac8297791c442aa3ad223eab515b17
2806,Staying Up,The Neighbourhood,77SW9BnxLY8rJ0RciFqkHh,https://p.scdn.co/mp3-preview/614b802657bc0dc50d43b4b19a2413c884b26db2?cid=92ac8297791c442aa3ad223eab515b17
2807,Extraordinary (feat. Sharna Bass),Clean Bandit,6MDME20pz9RveH9rEXvrOM,https://p.scdn.co/mp3-preview/67484014d990c57e4596d1bf6cdfb1a2b3fdbdf9?cid=92ac8297791c442aa3ad223eab515b17
2808,I Dont Live Today,Jimi Hendrix,776Uo845nYHJpNaStv1Ds4,https://p.scdn.co/mp3-preview/a3f2ad523335631db98b5f987d586c1e3f962dff?cid=92ac8297791c442aa3ad223eab515b17
2809,Love That Wont Let Go,Stars Go Dim,4O5EDKGt6YC5IXkOArVqk3,https://p.scdn.co/mp3-preview/b8f58e7a0cc36a1e1c82e10e35774dcfba7e0016?cid=92ac8297791c442aa3ad223eab515b17
2810,Product Of Misery,Cyndi Lauper,2BTZIqw0ntH9MvilQ3ewNY,https://p.scdn.co/mp3-preview/efce7ec56498ec770ec38c54a6fa9a064d9daf81?cid=92ac8297791c442aa3ad223eab515b17
2811,In A Little While,U2,51Blml2LZPmy7TTiAg47vQ,https://p.scdn.co/mp3-preview/16551f6a0e3d09e83f23c599c19a8a020eb9f21b?cid=92ac8297791c442aa3ad223eab515b17
2812,Like This,Shawn Mendes,7n2wHs1TKAczGzO7Dd2rGr,https://p.scdn.co/mp3-preview/20a1a31fb08f4d21a253000ca17f03f8c05dc821?cid=92ac8297791c442aa3ad223eab515b17
2813,I Of The Mourning,The Smashing Pumpkins,40Yq4vzPs9VNUrIBG5Jr2i,https://p.scdn.co/mp3-preview/793a102ff449eec1f18e9a499aeb224544c00a9c?cid=92ac8297791c442aa3ad223eab515b17
2814,Vegas,Sara Bareilles,2Sqr0DXoaYABbjBo9HaMkM,https://p.scdn.co/mp3-preview/c96d2d6f42ced3e4a43bc24927d1ed18885d5065?cid=92ac8297791c442aa3ad223eab515b17
2815,Mona Lisa,Toro y Moi,6O4EGCCb6DoIiR6B1QCQgp,https://p.scdn.co/mp3-preview/c9653e5164ba37dcd36ea9517eee8541f5ac1c54?cid=92ac8297791c442aa3ad223eab515b17
2816,Keeper Of The Flame,Nina Simone,7G1GBhoKtEPnP86X2PvEYO,https://p.scdn.co/mp3-preview/b8d171312a37df84e1a53e05c533e312e3dadcc1?cid=92ac8297791c442aa3ad223eab515b17
2817,Singularity,New Order,0yNLKJebCb8Aueb54LYya3,https://p.scdn.co/mp3-preview/709066c78ce275b28fb26b1e7cec330fe12ed82b?cid=92ac8297791c442aa3ad223eab515b17
2818,One Man No City,Parquet Courts,23NIwARd4vPbxt3wwNnJ6k,https://p.scdn.co/mp3-preview/983bc30d727e3c535145868423aa88b3fd3318b5?cid=92ac8297791c442aa3ad223eab515b17
2819,Im Not Alone - 2009 Remaster,Calvin Harris,7CajNmpbOovFoOoasH2HaY,https://p.scdn.co/mp3-preview/6582fdd9350eb6b008e74e26cf2a1e7e2860bf02?cid=92ac8297791c442aa3ad223eab515b17
2820,Non-Stop Dancing,The Jam,2P560DaOMNDUACoH8ZhOCR,https://p.scdn.co/mp3-preview/ee9a7e36d95805aab0a95909e24b1897ffb9712b?cid=92ac8297791c442aa3ad223eab515b17
2821,Candy Cane Lane,Sia,5WUlDfRSoLAfcVSX1WnrxN,https://p.scdn.co/mp3-preview/40e0a2aff7110a041e9e4c5930aa4da2b98a05b8?cid=92ac8297791c442aa3ad223eab515b17
2822,Hercules,Sara Bareilles,2Sqr0DXoaYABbjBo9HaMkM,https://p.scdn.co/mp3-preview/f779769fb2751c7c60f99785b6f3094621d7c86e?cid=92ac8297791c442aa3ad223eab515b17
2823,Twenty One,Khalid,6LuN9FCkKOj5PcnpouEgny,https://p.scdn.co/mp3-preview/0ce54966e688b0bddd67d732e183aed5f28827dd?cid=92ac8297791c442aa3ad223eab515b17
2824,Wouldnt Leave,Kanye West,5K4W6rqBFWDnAN6FQUkS6x,https://p.scdn.co/mp3-preview/aae83679d69be1726c0dcf59a4203b0439d24f6a?cid=92ac8297791c442aa3ad223eab515b17
2825,WHAT IT FEELS LIKE,Prince,5a2EaR3hamoenG9rDuVn8j,https://p.scdn.co/mp3-preview/7b1146412d11f665827d6371fe76865f67b04c45?cid=92ac8297791c442aa3ad223eab515b17
2826,Black and Blue - Interlude,Elohim,6wKxOKEA3K6R2UZ3COLXEY,https://p.scdn.co/mp3-preview/c7e779bab8fe6afd5d9d0752d998b1f0dda7dc5d?cid=92ac8297791c442aa3ad223eab515b17
2827,Grin Without Smile,Ty Segall,58XGUNsRNu3cVOIOYk5chx,https://p.scdn.co/mp3-preview/0a437da9f4e64c0da11b7935f145e001a0bbf765?cid=92ac8297791c442aa3ad223eab515b17
2828,For Those Who Weep,Ty Segall,58XGUNsRNu3cVOIOYk5chx,https://p.scdn.co/mp3-preview/47d4bab196f0f31d26d3303f25f0e89c4c50cf88?cid=92ac8297791c442aa3ad223eab515b17
2829,Soul Suckers,Amos Lee,0QrowybipCKUDnq5y10PD2,https://p.scdn.co/mp3-preview/8045684c644bd578404b06c56d0659ffd3d0c474?cid=92ac8297791c442aa3ad223eab515b17
2830,Ace of Spades,Riff Raff,31IZdHrCZ5pRhLz4zBxN3o,https://p.scdn.co/mp3-preview/51fa6541b7976a5992301fc65c427999d52c913c?cid=92ac8297791c442aa3ad223eab515b17
2831,You,Majid Jordan,4HzKw8XcD0piJmDrrPRCYk,https://p.scdn.co/mp3-preview/468916b55ceb736973e89079d5d7fe2d0117a5b6?cid=92ac8297791c442aa3ad223eab515b17
2832,Birch (feat. Eliza Shaddad),Clean Bandit,6MDME20pz9RveH9rEXvrOM,https://p.scdn.co/mp3-preview/32a903cc27497b6b6cf401626daa5836d3a94c31?cid=92ac8297791c442aa3ad223eab515b17
2833,Living On Love,Family of the Year,7zsin6IgVsR1rqSRCNYDwq,https://p.scdn.co/mp3-preview/f3d47196027bf108fc471053a275be213a383aae?cid=92ac8297791c442aa3ad223eab515b17
2834,Crashing Your Party,Santigold,6Jrxnp0JgqmeUX1veU591p,https://p.scdn.co/mp3-preview/015f44d28f297a951b917a4827dace3d3f81c13f?cid=92ac8297791c442aa3ad223eab515b17
2835,Dear Diary,Britney Spears,26dSoYclwsYLMAKD3tpOr4,https://p.scdn.co/mp3-preview/196b7f5029a157bc6d460d8bf69951bc0e054550?cid=92ac8297791c442aa3ad223eab515b17
2836,Rewrite,Sia,5WUlDfRSoLAfcVSX1WnrxN,https://p.scdn.co/mp3-preview/77e57f6545f9a7b68f8b6fad29fb95895226c151?cid=92ac8297791c442aa3ad223eab515b17
2837,MC Hammer,Rick Ross,1sBkRIssrMs1AbVkOJbc7a,https://p.scdn.co/mp3-preview/c495df3c944e7abd2f31aa8f4141181908e8ebe3?cid=92ac8297791c442aa3ad223eab515b17
2838,Dream # 2,Elton John,3PhoLpVuITZKcymswpck5b,https://p.scdn.co/mp3-preview/200298ea41c511da6fd8775bd08415ca4c3c0627?cid=92ac8297791c442aa3ad223eab515b17
2839,The Church Of Whats Happening Now,Sia,5WUlDfRSoLAfcVSX1WnrxN,https://p.scdn.co/mp3-preview/d02e2f0fd91cce3477cf843c995247590cd76768?cid=92ac8297791c442aa3ad223eab515b17
2840,Bad News,Kanye West,5K4W6rqBFWDnAN6FQUkS6x,https://p.scdn.co/mp3-preview/4cb12a4f67a22e108da3b2fe3e41472d81e659f3?cid=92ac8297791c442aa3ad223eab515b17
2841,Sallys Pigeons,Cyndi Lauper,2BTZIqw0ntH9MvilQ3ewNY,https://p.scdn.co/mp3-preview/1832895530b6e6304989a350408a5fef6a0095db?cid=92ac8297791c442aa3ad223eab515b17
2842,Town & Country,Bibio,0qzzGu8qpbXYpzgV52wOFT,https://p.scdn.co/mp3-preview/8eef9e52772783d61908343884b3f3f00c550f04?cid=92ac8297791c442aa3ad223eab515b17
2843,Happy Birthday To Me,The Vandals,4AqIRTZF6DDmKmdorgFug6,https://p.scdn.co/mp3-preview/d44ea7459c7951b88f25bfc4bf2be90bc5c46892?cid=92ac8297791c442aa3ad223eab515b17
2844,Im Your Doll,FKA twigs,6nB0iY1cjSY1KyhYyuIIKH,https://p.scdn.co/mp3-preview/6526f9f40bdbbe4e648610940e555acdd85e7148?cid=92ac8297791c442aa3ad223eab515b17
2845,Children of the Night - Acoustic,Richard Marx,0grdhNhiRLFBaFVyybqsj6,https://p.scdn.co/mp3-preview/ad972553d2c03f7b79fb5cfcf7393dfd882b6e7f?cid=92ac8297791c442aa3ad223eab515b17
2846,Birthday,Katy Perry,6jJ0s89eD6GaHleKKya26X,https://p.scdn.co/mp3-preview/a60c0bb416dee39f58507994bfae965fff3fe8d4?cid=92ac8297791c442aa3ad223eab515b17
2847,Youre Not Alone,Nick Lachey,6ewMqjrF31lC8ywRsvm073,https://p.scdn.co/mp3-preview/f376fde715e5a4e9eadf24b6d443cb642db0dcf0?cid=92ac8297791c442aa3ad223eab515b17
2848,Millennium,Robbie Williams,2HcwFjNelS49kFbfvMxQYw,https://p.scdn.co/mp3-preview/6720db5861ca5a2e262def7d228d86f4c8d8a1a3?cid=92ac8297791c442aa3ad223eab515b17
2849,9,Drake,3TVXtAsR1Inumwj472S9r4,https://p.scdn.co/mp3-preview/3ff6cb80880248f4a94881d4ba03d3cb8fd28354?cid=92ac8297791c442aa3ad223eab515b17
2850,El Hueso,Joe Cuba,5MlfccEEOw6kihsT8eQtbh,https://p.scdn.co/mp3-preview/47e134d6b9a0489291fa911b253ea0d1ae4e3409?cid=92ac8297791c442aa3ad223eab515b17
2851,Sorrow Tears & Blood,Fela Kuti,5CG9X521RDFWCuAhlo6QoR,https://p.scdn.co/mp3-preview/4feeccb4a1f66d01ed54fb1c99b9378438061fb0?cid=92ac8297791c442aa3ad223eab515b17
2852,Po Boy,Bob Dylan,74ASZWbe4lXaubB36ztrGX,https://p.scdn.co/mp3-preview/191310d5238f54abb9fa5f746b76720cbc617041?cid=92ac8297791c442aa3ad223eab515b17
2853,Handle The Truth,Shy Glizzy,1DvtabXAjfrMihPP6JQdHs,https://p.scdn.co/mp3-preview/0d37eef393f2a7196611e941711e7727987170a5?cid=92ac8297791c442aa3ad223eab515b17
2854,If You Dont Know Me by Now,Seal,5GtMEZEeFFsuHY8ad4kOxv,https://p.scdn.co/mp3-preview/301ca6f8d0a58c03636de45d7265c24aeeab2971?cid=92ac8297791c442aa3ad223eab515b17
2855,No Easy Way,Seal,5GtMEZEeFFsuHY8ad4kOxv,https://p.scdn.co/mp3-preview/c1145277e8e23a023f5f54a1a1bd79b5c0ec236c?cid=92ac8297791c442aa3ad223eab515b17
2856,Love 4 Fun,Enrique Iglesias,7qG3b048QCHVRO5Pv1T5lw,https://p.scdn.co/mp3-preview/376544e2f870527e53bf94074db788d92fda5fbe?cid=92ac8297791c442aa3ad223eab515b17
2857,Call My Name,Prince,5a2EaR3hamoenG9rDuVn8j,https://p.scdn.co/mp3-preview/c98f4500a20a9efbe81dced6ad257802f5a9c592?cid=92ac8297791c442aa3ad223eab515b17
2858,Puffer,Bibio,0qzzGu8qpbXYpzgV52wOFT,https://p.scdn.co/mp3-preview/31434515789d50b232f978ec1b9f2ff83412b72d?cid=92ac8297791c442aa3ad223eab515b17
2859,Whole Lotta Woman,Kelly Clarkson,3BmGtnKgCSGYIUhmivXKWX,https://p.scdn.co/mp3-preview/88a5e172485ea406f00e8adc627862d21ae14d8e?cid=92ac8297791c442aa3ad223eab515b17
2860,In My Mode,Chief Keef,15iVAtD3s3FsQR4w1v6M0P,https://p.scdn.co/mp3-preview/44bb0d219eda21776b833a99f9bf3bf020c61970?cid=92ac8297791c442aa3ad223eab515b17
2861,Time Stands Still,Cut Copy,4EENT7N7rCBwrddM3s0vFS,https://p.scdn.co/mp3-preview/f43241f07b5827c38fcb746cd73c05f4bdf96208?cid=92ac8297791c442aa3ad223eab515b17
2862,Diced Pineapples,Rick Ross,1sBkRIssrMs1AbVkOJbc7a,https://p.scdn.co/mp3-preview/02fa4efef7b160c79a85d42aeefbb5c8829dfa05?cid=92ac8297791c442aa3ad223eab515b17
2863,De wolo moussolou,Amadou & Mariam,3KH7WsR2JZQ94Ik8SyabU6,https://p.scdn.co/mp3-preview/7f0f9faa123efadca0b2218fec06efee7be534cc?cid=92ac8297791c442aa3ad223eab515b17
2864,Maniac,Papa Roach,4RddZ3iHvSpGV4dvATac9X,https://p.scdn.co/mp3-preview/c9ccc914e7b77e510778d0363f254a4d19bc3fcb?cid=92ac8297791c442aa3ad223eab515b17
2865,Back to Life - from Bumblebee,Hailee Steinfeld,5p7f24Rk5HkUZsaS3BLG5F,https://p.scdn.co/mp3-preview/65ce6d1322e0fe5be1144ad9674c22335c97fd19?cid=92ac8297791c442aa3ad223eab515b17
2866,SeeSaw,Jamie xx,7A0awCXkE1FtSU8B0qwOJQ,https://p.scdn.co/mp3-preview/2af0468b3a3da5ea5b97a99ad0e7bbc563db4133?cid=92ac8297791c442aa3ad223eab515b17
2867,Myself (feat. Lil Durk),Lil Reese,1bPxKZtCdjB1aj1csBJpdS,https://p.scdn.co/mp3-preview/5b19899e9123a8eafde9f313a77583f3f7e80de8?cid=92ac8297791c442aa3ad223eab515b17
2868,Two,Lenka,5g3uG8zZZANGT6YOssgjfC,https://p.scdn.co/mp3-preview/b2f0dace6bfcc30162cfdab028eac91f7edf30a6?cid=92ac8297791c442aa3ad223eab515b17
2869,Map To My Heart,Céline Dion,4S9EykWXhStSc15wEx8QFK,https://p.scdn.co/mp3-preview/414f3b1f00ba438603dbffc19e4aae8cdabb35a5?cid=92ac8297791c442aa3ad223eab515b17
2870,Stoned and Starving,Parquet Courts,23NIwARd4vPbxt3wwNnJ6k,https://p.scdn.co/mp3-preview/fd6a243716fb678d24bc1ecfee5701b6613d4519?cid=92ac8297791c442aa3ad223eab515b17
2871,Self-Starter,Anberlin,5v61OSg53KaQxGMpErkBNp,https://p.scdn.co/mp3-preview/2fedfdd2c423cbaf1f21864efb74d7a684ca5d22?cid=92ac8297791c442aa3ad223eab515b17
2872,22nd Century - Remastered,Nina Simone,7G1GBhoKtEPnP86X2PvEYO,https://p.scdn.co/mp3-preview/10d2aa75a0cd6d634b9f564918126e3f9c4bdb8f?cid=92ac8297791c442aa3ad223eab515b17
2873,Im From The Ghetto,DJ Khaled,0QHgL1lAIqAw0HtD7YldmP,https://p.scdn.co/mp3-preview/b49a6b2893503e11bfe69c3cfdf171968e221f2d?cid=92ac8297791c442aa3ad223eab515b17
2874,JODYHiGHROLLER,Riff Raff,31IZdHrCZ5pRhLz4zBxN3o,https://p.scdn.co/mp3-preview/25945018f6bc380e0afebcf1fa06af19608b49cf?cid=92ac8297791c442aa3ad223eab515b17
2875,Oncoming Train,Anastacia,2siHvYaxjaW5rKVRiIrMYH,https://p.scdn.co/mp3-preview/5cc17928730d7ba31806ccc37cdccb06cbd293b5?cid=92ac8297791c442aa3ad223eab515b17
2876,Guts,Elohim,6wKxOKEA3K6R2UZ3COLXEY,https://p.scdn.co/mp3-preview/2f2dda4e3b2ffa85494f1c65a7288b587fc2907f?cid=92ac8297791c442aa3ad223eab515b17
2877,Saint Pablo,Kanye West,5K4W6rqBFWDnAN6FQUkS6x,https://p.scdn.co/mp3-preview/1bebe073212e97238d3d120ba315a7deb2820ae3?cid=92ac8297791c442aa3ad223eab515b17
2878,Blue Would Still Be Blue,Guillemots,3zD5liDjbqljSRorrrcEjs,https://p.scdn.co/mp3-preview/eeab864e383d07fddf85edb6d5ab6d8fc00255e3?cid=92ac8297791c442aa3ad223eab515b17
2879,Mais Amor,Marcos Valle,5I0EPnV9gwrZYTbScjnaOk,https://p.scdn.co/mp3-preview/b3ad6632d0ada5f3310859b43d9066a183648c1f?cid=92ac8297791c442aa3ad223eab515b17
2880,Problem,Young Thug,50co4Is1HCEo8bhOyUWKpn,https://p.scdn.co/mp3-preview/3dd27f8173ec45b92c39425f277029f4888cf8f5?cid=92ac8297791c442aa3ad223eab515b17
2881,The Pusher - Remastered,Nina Simone,7G1GBhoKtEPnP86X2PvEYO,https://p.scdn.co/mp3-preview/8ebe700fe4a0ed562a2d10d638a07bb56e0d9689?cid=92ac8297791c442aa3ad223eab515b17
2882,When You Love Someone,James TW,0B3N0ZINFWvizfa8bKiz4v,https://p.scdn.co/mp3-preview/b98189d6f3dec59097a10ea07643ffba8a249682?cid=92ac8297791c442aa3ad223eab515b17
2883,What Is Love,The Shirelles,0x83OBqixqdCHnStP5VMcn,https://p.scdn.co/mp3-preview/cd6867b1184e26c5b775a2b7010d7df3b03e8afd?cid=92ac8297791c442aa3ad223eab515b17
2884,Mas Es Amar (Sad Eyes),Enrique Iglesias,7qG3b048QCHVRO5Pv1T5lw,https://p.scdn.co/mp3-preview/58053b0b19c79d144249d085f834f045993ad25c?cid=92ac8297791c442aa3ad223eab515b17
